ip_introduction1| 营 养 系 统 
ip_introduction1_text|每 种 食 物 都 含 有 不 同 的 维 生 素 、 矿 物 质 、 植 物 营 养 素 等 等 ， 这 些 都 是 身 体 必 不 可 少 的 物 质 ， 而 每 一 种 食 物 里 面 ， 所 含 的 营 养 成 分 都 大 有 区 别 ， 如 果 想 摄 入 充 足 的 营 养 ， 食 物 多 样 化 是 必 须 的 ， 游 戏 给 玩 家 提 供 了 10多 种 食 物 ， 每 种 食 物 都 给 士 兵 们 配 上 ， 是 保 证 士 兵 身 体 强 壮 的 保 证 。^^【    饿    肚   子  】 医 疗 -5    铁 骨 -5    强 击 -5^^【 3  种 食 物 搭 配 】 医 疗 +1    向 导 +1^^【 7  种 食 物 搭 配 】 医 疗 +2    向 导 +2^^【 9  种 食 物 搭 配 】 医 疗 +2    向 导 +2    铁 骨 +1^^【 12种 食 物 搭 配 】 医 疗 +3    向 导 +3    铁 骨 +1  ^^【 13种 食 物 搭 配 】 医 疗 +3    向 导 +3    铁 骨 +1    强 击 +1^^【 15种 食 物 搭 配 】 医 疗 +3    向 导 +3    铁 骨 +2    强 击 +1^^【 多 种 植 物 蛋 白 粉 】 【 多 种 矿 物 倍 立 健 】 各 自 相 当 于 5种 食 物 提 供 的 营 养 ！当 然 拿 他 当 主 食 肯 定 划 不 来 ，你 可 以 拿 其 他 主 食 搭 配 使 用 ！这 样 它 消 耗 就 很 慢 了 ！
ip_introduction2| MOD特 色 
ip_introduction2_text|【 城 镇 村 庄 】^^村 子 城 堡 城 市 基 础 税 收 提 高 1.5倍 ，并 不 代 表 钱 多 了 1.5倍 ！ 因 为 做 生 意 的 税 收 没 提 高 ！^^村 长 手 里 有 的 钱 增 加 繁 荣 提 高 1.5倍 ！  每 15天 对 繁 荣 度 低 的 +1，高 的 -1，改 为 7天 一 次 ！^^磨 坊 改 为 增 加 10%繁 荣 ！^^学 校 改 为 每 周 加 1点 忠 诚 ^^杂 货 商 品 买 卖 价 格 x2^^酒 馆 老 板 娘 现 在 开 始 收 俘 虏 了 ！^^城 镇 建 筑 建 造 速 度 提 升 4倍 ^^【 新 概 念 】^^科 技 点 ：是 领 主 或 者 是 国 王 的 时 候 ，下 属 的 每 个 城 镇 到 村 庄 都 会 为 玩 家 提 供 科 技 点 ，城 镇 每 天 30点 ，城 堡 20点 ，村 庄 10点 ！ 修 建 建 筑 可 以 额 外 获 得 每 个 建 筑 每 日 2点 ！科 技 点 用 于 城 镇 招 兵 和 研 究 科 技 ！等 一 系 列 用 途 ！^^嗜 血 战 士 ：（ 敌 军 则 每 75天 升 一 级 嗜 血 战 士 科 技 ） （每 级 增 加 己 方 士 兵 杀 人 回 血 5点 ！）（ 玩 家 不 受 此 加 成 ）^^外 交 技 术 ： 目 前 只 能 提 高 停 战 和 离 间 的 成 功 几 率 ！^^钢 铁 战 士 ：增 加 战 场 最 大 血 ，每 级 10%效 果 ！（ 如 果 人 物 血 为 80点 ， 增 加 10% 进 入 战 场 后 ，自 动 变 成 88点 。^^营 养 系 统 ：多 种 食 物 搭 配 可 以 提 升 一 些 技 能 ！没 有 食 物 时 能 力 大 减 ！（详 细 见 营 养 篇 ）^^身 高 系 统 ：诺 德 王 国 ， 海 贼 系 列 ， 奥 尔 克 族 ， 的 兵 种 比 其 他 人 更 高 大 ， 3 个 步 兵 民 族 更 高 大 一 些 ，更 利 于 他 们 挥 砍 骑 兵 ，哼 哈 族 会 比 其 他 人 更 矮 小 ！ ^^【 兵 种 特 色 】^^不 法 之 徒 系 列 ：特 有 掠 夺 能 力 ~^^奥 尔 克 系 列 ：不 穿 护 甲 ，拥 有 铁 臂 特 技 ^^不 死 族 系 列 ：血 牛 特 技^^格 斗 家 系 列 ：疾 风 之 舞 特 技 ^^光 明 系 列 ： 血 盾 特 技^^精 灵 射 手 ：魅 眼 特 技 ^^【 交 互 】 ^^ QQ群 ：293143804     ^^作 者 微 信 ： CGZL945  ^^欢 迎 咨 询 和 反 馈  ， 游 戏 中 的 二 维 码 是 作 者 微 店 ， 欢 迎 微 信 扫 描 参 观 支 持 ！ 
ip_introduction3| NPC特 技 
ip_introduction3_text|特 技 的 具 体 效 果 到 特 技 介 绍 栏 查 看 ！^^两 侍 女 ： 招 募 、 潜 力 ^^要    离 ： 疾 风 之 舞 、 冷 血 ^^孙 宇 ： 疾 风 之 舞 、 血 牛 、战 吼 ^^朱 坤 ： 疾 风 之 舞 、 招 募 、将 帅^^沙 尔 ： 疾 风 之 舞 、 智 勇 ^^卡    门 ： 血 盾 、 光 愈^^光 精 灵 ： 血 盾 、 光 愈 、 招 募 ^^暗 精 灵 ： 暗 隐 分 身 ^^金 精 灵 ： 护 甲 强 化 ^^木 精 灵 ： 战 地 援 助 ^^水 精 灵 ： 战 地 医 疗 ^^火 精 灵 ： 刀 剑 强 化 ^^土 精 灵 ： 道 路 急 整 ^^颜    君 ： 嗜 血 、将 帅^^三    啸 ： 智 勇 ^^切    娜 ： 魅 眼 、 招 募 、狙 击^^巴    尔 ： 铁 臂 、 招 募 ^^托    克 ： 招 募 ^^波 尔 查 ： 疾 行 ^^马 尼 德 ： 商 人 ^^雅 米 拉 ： 手 术 ^^罗 尔 夫 ： 血 牛 ^^法 提 斯 ： 嗜 血 ^^德 赛 维 ：狙 击 ^^班 达 克 ： 招 募^^凯 特 琳 ： 虐 欲 ^^杰 姆 斯 ： 手 术^^雷 萨 里 特 ： 招 募^^亚 提 曼 ： 智 勇^^克 雷 斯 ： 疾 风 之 舞^^马 蒂 尔 德  ： 优 化 （ 防 具 ）^^艾 雷 恩 ： 优 化 （ 武 器 ）^^贝 斯 图 尔 ： 驯 马 （ 重 ）^^阿 剌 海 别 ： 驯 马 （ 活 波 ）^^五 大 匪 首 ： 招 募^^辣    条 ：智 勇^^魔 龙 教 主 ：噬 尸 巨 魔   
ip_introduction4|特 技 介 绍 
ip_introduction4_text|疾 风 之 舞 ： 敏 捷 提 供 暴 击 格 挡 加 成 ，每 点 敏 捷 +1% ^^冷 血 ： 暴 击 格 挡 几 率 翻 倍 ^^血 牛 ： 额 外 血 增 加 50%^^智 勇 ： 每 点 智 力 提 供 2%伤 害 ^^战 吼 ：造 成 伤 害 时 震 击 周 围 敌 人^^将 帅 ：指 定 管 理 驻 军 后 ，可 以 直 接 从 驻 军 中 调 兵 ^^嗜 血 ： 杀 人 回 10点 血 ，每 2级 增 加 1点 恢 复 量 ^^魅 眼 ： 每 点 魅 力 提 供 1点 真 实 伤 害 ^^狙 击 ： 爆 头 时 暴 击 几 率 增 加 100%^^商 人 ： 进 入 不 同 的 城 市 ，根 据 路 程 获 得 经 商 收 益 ， 魅 力 交 易 越 高 收 益 越 高  ^^手 术 ： 可 以 为 队 友 做 手 术 ，手 术 技 能 越 高 所 需 点 数 越 少 ^^招 募 ： 可 以 招 募 特 色 兵 种 ，统 帅 越 高 所 需 点 数 越 少 ^^铁 臂 ： 初 始 10% 伤 害 减 免 ，人 物 等 级 额 外 增 加 1% ，与 铁 骨 相 加 ，80%封 顶^^血 盾 ： 按 自 身 等 级 4倍 为 队 伍 提 供 百 分 比 额 外 血 ， 队 伍 每 个 成 员 平 分 额 外 血 ,30% 封 顶 ^^潜 力 ： 杀 人 涨 属 性 要 求 降 低 20%^^光 愈 ： 白 天 , 消 耗 法 力 恢 复 全 队 生 命 ^^疾 行 ： 按 K键 开 启 /关 闭 疾 行 模 式 ，获 双 倍 大 地 图 移 动 速 度^^虐 欲 ： 每 次 受 到 伤 害 时 恢 复 5点 生 命 ^^驯 马 ：将 所 骑 普 通 坐 骑 升 级 ，等 级 越 高 几 率 越 高 。^^优 化 ：将 差 前 缀 变 成 普 通 ，把 普 通 前 缀 变 成 优 质 或 厚 ，等 级 越 高 几 率 越 高 。^^战 地 医 疗 ：战 场 每 三 秒 恢 复 全 军 每 人 3点 血 量 ，直 至 回 满^^道 路 急 整 ：修 路 铺 石 ，使 行 军 速 度 提 升 30%^^暗 隐 分 身 ：夜 晚 ，每 30秒 召 唤 2名 暗 隐 分 身 ^^护 甲 强 化 ：全 军 额 外 获 得 10%伤 害 减 免 ，与 铁 骨 相 加 ， 最 高 不 高 于 80%^^刀 剑 强 化 ：全 军 伤 害 提 升 10%^^战 地 援 助 ：第 200 秒 时 恢 复 全 军 箭 弩 和 投 掷 类 武 器 数 量^^噬 尸 巨 魔 ：每 杀 死 2个 敌 人 增 加 1点 最 大 血 量 ^^影 武 者 ：玩 家 战 场 上 被 击 晕 时 ， 由 她 的 替 身 代 替 死 亡 ，按 H键 在 替 身 处 复 活 。^^每 个 步 兵 统 帅 等 级 ：增 加 1%的 全 军 跑 动 速 度 ，和 步 兵 1%的 伤 害 ！^^每 个 骑 兵 统 帅 等 级 ：增 加 5%的 全 军 马 匹 冲 撞 伤 害 ，和 骑 兵 1%的 伤 害 ！^^每 个 弓 兵 统 帅 等 级 ：增 加 1%的 全 军 射 击 精 度 和 填 充 速 度 ，和 弓 兵 1%的 伤 害 ！^^每 个 弓 骑 统 帅 等 级 ：增 加 1%的 全 军 马 匹 移 动 速 度 ，和 骑 弓 兵 1%的 伤 害 ！^^每 个 英 雄 统 帅 等 级 ：增 加 5%的 英 雄 杀 敌 经 验 分 享 给 队 伍 ，和 英 雄 1%的 伤 害 ！
ip_introduction5|特 殊 兵 种 招 募 
ip_introduction5_text|光 明 系 兵 种 ：首 先 玩 家 要 是 卡 拉 德 的 领 主 ，拥 有 城 堡 或 者 城 市 后 建 造 学 校 ，建 完 学 校 后 就 能 建 造 光 明 学 院 ，然 后 就 能 在 这 个 城 用 钱 和 招 兵 点 把 两 个 卡 拉 德 才 女 转 化 为 一 个 光 明 学 员 ，光 明 学 员 最 终 可 以 升 级 到 光 明 院 士 。^^卡 拉 德 黄 金 女 将 ：同 样 要 是 卡 拉 德 的 领 主 ，在 城 堡 或 城 市 建 造 训 练 场 以 后 可 以 建 造 黄 金 神 殿 ，之 后 就 能 把 卡 拉 德 女 将 转 化 城 黄 金 女 将 ，比 例 一 比 一 ，黄 金 女 将 能 升 级 成 黄 金 女 武 神 。^^卡 洛 斯 ： 公 主 开 局 杀 师 线 ，帮 助 三 啸 建 立 三 啸 联 盟 军 后 可 以 在 三 啸 那 招 募 玛 雅 ，哼 哈 ，奥 尔 克 ，将 他 们 升 级 到 顶 级 ，然 后 就 能 在 自 己 的 城 里 把 他 们 合 并 成 卡 洛 斯 之 力 ，卡 洛 斯 之 力 可 以 升 级 成 卡 洛 斯 之 心 。^^黑 暗 领 主 ：公 主 不 杀 师 线 消 灭 斯 瓦 迪 亚 后 得 到 黑 暗 暗 灵 石 ，之 后 能 在 城 堡 里 把 斯 瓦 迪 亚 骑 士 升 级 成 黑 暗 骑 兵 ，黑 暗 骑 兵 最 终 能 升 级 到 黑 暗 领 主 。杀 师 则 要 找 三 啸 对 话 将 斯 瓦 迪 亚 骑 士 升 级 成 黑 暗 骑 兵 。^^蒙 古 兵 ：公 主 线 剧 情 蒙 古 妹 子 npc入 队 后 可 以 和 她 对 话 招 募 。^^罗 多 克 摩 登 战 神 ，驯 兽 师 目 前 只 能 通 过 抓 俘 虏 招 募 。海 外 系 兵 种 不 能 招 募 ，俘 虏 也 不 行 。
ip_introduction6|捐 赠 MOD
ip_introduction6_text|捐 赠 说 明 ：^^捐 赠 “英 雄 传 说 -朱 红 之 恋 ”，将 代 表 您 个 人 对 本 MOD的 认 可 及 对 制 作 组 的 支 持 ，且 同 时 表 示 您 对 以 下 声 明 内 容 的 同 意 和 接 受 。^^1)捐 赠 遵 循 自 愿 原 则 ，捐 赠 费 不 再 退 还 。^^2)如 果 您 希 望 您 的 名 字 出 现 于 下 面 的 捐 赠 列 表 ，请 在 在 打 赏 之 后 把 你 的 账 号 一 起 发 给 我 们^^3)捐 赠 并 不 意 味 着 您 在 骑 马 与 砍 杀 中 文 站 论 坛 的 “英 雄 传 说 -朱 红 之 恋 ” 里 享 受 有 您 作 为 该 网 站 用 户 所 享 权 利 之 外 的 其 它 特 殊 权 利 。^^4)本 着 力 求 精 品 的 原 则 ，本 MOD的 制 作 更 新 以 制 作 组 的 计 划 为 依 据 。^^5)本 MOD制 作 者 拥 有 对 捐 赠 金 额 、付 款 方 式 、回 馈 活 动 等 进 行 修 改 或 变 更 的 权 利 及 对 捐 赠 事 宜 的 最 终 解 释 权 。^^请 您 在 实 施 捐 赠 前 务 必 认 真 阅 读 以 上 内 容 。 ^^^捐 赠 方 式 ：^^1)转 介 绍 MOD 给 更 多 的 砍 友 玩 。^^2)扫 描 二 维 码 关 注 作 者 制 作 的 视 频 ，点 赞 和 转 发 给 予 精 神 支 持 ^^3)直 接 加 作 者 微 信 : CMZL945 ,微 信 红 包 打 赏 支 持 作 者 。^^4)支 付 宝 转 账 ，账 号 ：18008506251 ^    名 称 ：贵 州 旷 世 三 啸 广 告 传 媒 有 限 公 司 (胡 兴 )。^^资 助 者 ：娘 佳 强   zhuxia   lawlin   梦 中 的 人   亡 灵 族 梦 生   ......+....   Bubble   幻 惑 北 纬    Acid   蒋 新 新    夏 狐    辣 条 ( 以 及 很 多 没 有 留 名 的 砍 友 ) 
ip_introduction7|杂 项 
ip_introduction7_text|技 能 有 相 当 的 改 动 ，这 里 只 额 外 说 明 一 下 战 术 技 能 其 它 请 在 角 色 加 点 界 面 查 看 。^^谋 略 ：原 战 术 技 能  改 为  谋 略   6级 以 上 可 在 营 地 宣 战 其 他 国 家 ，^^      8级 以 上 可 停 战         成 功 率 ：（技 能 等 级 +5+外 交 技 术 等 级 ）/25    ^^     12级 以 上 可 离 间 他 国   成 功 率 ： (技 能 等 级 +5+外 交 技 术 等 级 ）/40 ^^NPC初 始 属 性 全 部 调 整 ，初 始 等 级 为 1级 ，方 便 培 养 。4属 性 相 加 总 40点 。（剧 情 NPC例 外 ）^^骑 砍 原 16npc现 在 只 能 招 8个 ，招 完 8个 后 剩 下 的 就 招 不 到 了 ，就 算 踢 掉 已 经 招 进 来 的 npc也 没 用 。^^除 雅 米 拉 ，罗 尔 夫 ，马 尼 德 外 ，其 它 npc都 会 在 玩 家 15级 并 再 等 待 一 周 后 才 会 出 现 在 酒 馆 里 ，马 尼 德 雅 米 拉 罗 尔 夫 分 别 要 完 成 初 始 商 人 任 务 ，镇 长 解 救 女 孩 任 务 和 镇 长 解 决 劫 匪 任 务 后 在 相 应 城 市 的 酒 馆 刷 出 。^^NPC杀 敌 一 定 数 量 ，会 获 得 4 属 性 提 升 ，可 提 升 多 次 。杀 人 根 据 智 力 获 得 额 外 经 验 ，根 据 魅 力 获 得 额 外 声 望 。NPC在 战 场 上 杀 敌 的 声 望 ， 分 封 出 去 时 会 加 上 去 。（原 版 分 封 声 望 =15x等 级 ，如 果 小 于 200，取 200）^^所 有 英 雄 NPC 血 量 加 强 ，现 在 NPC 每 级 获 取 20% 额 外 血 ，玩 家 按 完 成 任 务 数 量 获 得 额 外 血 按 百 分 比 加 成 。^^大 多 NPC使 用 特 技 时 都 需 要 技 能 点 ，技 能 点 每 2小 时 恢 复 跟 魅 力 相 等 的 点 数 。^^NPC中 物 品 管 理 等 级 大 于 5的 人 ，可 以 跟 他 对 话 ，开 启 一 个 随 军 的 箱 子 。^^增 加 守 城 砸 石 ：守 城 士 兵 ，如 果 武 器 栏 有 空 位 ，就 会 获 得 数 量 很 多 的 砸 石 ，砸 石 为 40钝 击 ，投 掷 速 度 不 快 ，投 得 也 不 远 ，但 是 守 城 完 全 够 用 。玩 家 箭 射 完 之 后 ，也 可 以 丢 掉 弓 箭 ，几 秒 后 将 自 动 获 得 砸 石 。^^竞 技 大 赛 每 场 比 赛 ，跟 玩 家 同 队 存 活 的 NPC可 以 增 加 一 点 关 系 。 每 场 比 赛 只 恢 复 20%生 命 ！竞 技 场 参 赛 对 手 增 强 。^^村 民 们 外 出 交 易 ，可 以 稍 微 增 加 村 长 手 中 的 钱 ，方 便 玩 家 交 易 （村 长 手 中 的 钱 累 积 到 一 定 程 度 会 扣 除 并 增 加 繁 荣 值 ）。^^乱 葬 岗 村 长 处 可 以 领 取 魔 兽 任 务 。^^乱 葬 村 长 ，现 在 可 以 获 取 营 养 品 ，需 要 关 系 来 换 （亡 灵 玩 家 初 期 拿 不 下 城 时 也 能 得 到 营 养 品 培 养 魔 兽 ）。^^商 队 也 能 小 概 率 爆 营 养 品 和 可 读 书 籍 。
ip_introduction8|各 称 号 大 致 拿 法 
ip_introduction8_text|训 练 冠 军 ：完 成 训 练 场 格 斗 训 练 。^^仁 慈 圣 主 ：个 人 击 晕 人 数 比 杀 死 人 数 多 一 定 的 数 量 。^^嗜 血 魔 王 ：个 人 杀 死 人 数 比 击 晕 人 数 多 一 定 的 数 量 。^^冷       血 ：公 主 开 局 走 杀 师 分 支 。^^竞 技 之 王 ： 获 得 竞 技 场 冠 军 多 次 。^^疾 风 之 舞 ：拜 师 要 离 完 成 基 本 学 习 。^^格   斗   家 ：在 训 练 完 成 晋 级 ，总 共 6个 等 级 。第 六 个 等 级 需 要 找 竞 技 场 老 板 打 赢 一 次 格 斗 家 专 场 。^^人 贩 鼻 祖 ：贩 卖 俘 虏 达 到 一 定 人 数 。^^富 甲 天 下 ：达 到 一 定 的 财 富 值 。^^虎 豹 之 将 ：单 挑 胜 利 50次 。^^阿   修  罗 ：残 血 时 击 杀 敌 军 数 十 人 。^^驯   兽  师 ：完 成 剿 灭 魔 兽 任 务 并 孵 化 魔 兽 蛋 。^^平 民 守 护 者 ：多 次 保 护 村 子 ，免 受 盗 匪 的 袭 击 。^^地 狱 使 者 :烧 村 狂 魔 ^^无 奈 匪 途 ：利 用 掠 夺 技 能 和 土 匪 兵 种 获 得 金 钱 达 到 一 定 数 量  （中 ）^^匪 名 遐 迩 ：利 用 掠 夺 技 能 和 土 匪 兵 种 获 得 金 钱 达 到 一 定 数 量  （高 ）^^霸 者 强 权 ：利 用 掠 夺 技 能 和 土 匪 兵 种 获 得 金 钱 达 到 一 定 数 量   （极 高 ），并 且 获 得 五 印 。^^草 原 之 印 ：击 杀 相 应 的 响 马 部 队 达 到 一 定 数 量 （消 灭 低 级 队 伍 一 定 数 量 会 出 现 高 级 队 伍 ，消 灭 高 级 一 定 数 量 会 出 现 更 高 级 队 伍 ， 直 至 头 目 ）^^森 林 之 印 ：击 杀 相 应 的 绿 林 盗 匪 达 到 一 定 数 量 （消 灭 低 级 队 伍 一 定 数 量 会 出 现 高 级 队 伍 ，消 灭 高 级 一 定 数 量 会 出 现 更 高 级 队 伍 ， 直 至 头 目 ）^^沙 漠 之 印 ：击 杀 相 应 的 沙 漠 盗 匪 达 到 一 定 数 量  （消 灭 低 级 队 伍 一 定 数 量 会 出 现 高 级 队 伍 ，消 灭 高 级 一 定 数 量 会 出 现 更 高 级 队 伍 ， 直 至 头 目 ）^^高 山 之 印 ：击 杀 相 应 的 山 贼 部 队 达 到 一 定 数 量  （消 灭 低 级 队 伍 一 定 数 量 会 出 现 高 级 队 伍 ，消 灭 高 级 一 定 数 量 会 出 现 更 高 级 队 伍 ， 直 至 头 目 ）^^海 洋 之 印 ：击 杀 相 应 的  海 寇 部 队 达 到 一 定 数 量  （消 灭 低 级 队 伍 一 定 数 量 会 出 现 高 级 队 伍 ，消 灭 高 级 一 定 数 量 会 出 现 更 高 级 队 伍 ， 直 至 头 目 ）^^拥 有 霸 者 强 权 时 以 上 五 印 将 会 消 失 ^^幸 运 女 神 的 眷 顾 ：集 齐 所 有 22个 城 市 里 的 箱 子 的 幸 运 草 。
ip_introduction9|部 分 功 能 
ip_introduction9_text|10倍 于 敌 人战 斗 力 时 ，坐 镇 0战 损 （ 亡 灵 无 效 ）。^^AI部 队 兵 种 自 动 按 等 级 排 序 。^^俘 虏 自 动 收 编 。^^敌 方 战 前 受 伤 的 士 兵 现 在 能 被 俘 虏 了 。^^AI士 兵 的 加 点 将 大 部 分 随 机 到 敏 捷 力 量 上^^全 单 位 兵 种 树 （进 入 兵 种 树 界 面 后 随 便 点 击 一 个 兵 即 可 在 右 侧 看 到 所 有 的 单 位 ，包 括 npc）。
ip_introduction10|其 他 贡 献 者 
ip_introduction10_text|箱 庭 儿 童 ：收 集 意 见 ，解 答 群 友 的 各 种 问 题 。^^小 魏 ：部 分 装 备 收 集 ， 制 作 。^^群 里 的 很 多 群 友 都 提 供 了 大 量 的 帮 助 和 支 持 ，如 果 一 一 点 名 估 计 三 天 三 夜 都 说 不 完 ！ 非 常 感 谢 大 家 ！ 
ip_introduction11|关 于 难 度 
ip_introduction11_text|^^简 单 难 度 ：敌 人 减 伤 -10%，所 有 兵 种 熟 练 度 -10%，敌 人 队 伍 没 有 额 外 升 级 经 验 ，玩 家 初 始 属 性 各 +4，送 疾 风 和 智 勇 特 技 。^（统 一 和 退 出 冒 险 时 更 低 得 分 ）^^正 常 难 度 ：敌 人 对 玩 家 造 成 伤 害 加 1，敌 人 队 伍 额 外 升 级 经 验 。人 类 每 周 5%生 活 税 收 开 销 。^^恶 梦 难 度 ：敌 人 减 伤 10%，所 有 兵 种 熟 练 度 增 加 10%，敌 人 对 玩 家 造 成 伤 害 加 2，敌 人 队 伍 额 外 升 级 经 验 x2，人 类 每 周 10%生 活 税 收 开 销 ，一 些 特 殊 战 斗 ，敌 人 会 更 多 一 些 （统 一 和 退 出 冒 险 时 更 多 得 分 ）^^地 狱 难 度 ：敌 人 减 伤 30%，所 有 兵 种 熟 练 度 增 加 30%，敌 人 对 玩 家 造 成 伤 害 加 4，敌 人 队 伍 额 外 升 级 经 验 x4，人 类 每 周 20%生 活 税 收 开 销 ，一 些 特 殊 战 斗 ，敌 人 会 更 多 一 些 x2 （统 一 和 退 出 冒 险 时 更 多 得 分 x2）^^天 神 难 度 ：敌 人 减 伤 25%，所 有 兵 种 熟 练 度 增 加 50%，敌 人 对 玩 家 造 成 伤 害 加 6，敌 人 队 伍 额 外 升 级 经 验 x6，人 类 每 周 30%生 活 税 收 开 销  ，一 些 特 殊 战 斗 ，敌 人 会 更 多 一 些 x3^^三 神 难 度 ：敌 人 减 伤 30%，所 有 兵 种 熟 练 度 增 加 70%，敌 人 对 玩 家 造 成 伤 害 加 8，敌 人 队 伍 额 外 升 级 经 验 x8，人 类 每 周 40%生 活 税 收 开 销  ，一 些 特 殊 战 斗 ，敌 人 会 更 多 一 些 x4 （统 一 和 退 出 冒 险 时 更 多 得 分 x4，应 个 别 不 怕 死 玩 家 制 作 ，不 推 荐 大 家 玩 ，容 易 猝 死 ）
ip_introduction12|亡 灵 开 局 
ip_introduction12_text|简 单 介 绍 亡 灵 开 局 的 基 本 内 容^^玩 家 将 作 为 所 有 人 类 的 敌 人 ，走 上 感 染 扩 张 的 道 路 ，玩 家 与 任 何 势 力 都 是 敌 对 ，停 战 无 效 。^^母 体 ：亡 灵 开 局 的 核 心 ，其 效 果 可 在 任 务 栏 中 查 看 。^^玩 家 与 暴 君 NPC杀 死 士 兵 有 概 率 将 士 兵 感 染 成 亡 灵 ，感 染 概 率 =母 体 等 级 /（母 体 等 级 +目 标 等 级 ），击 昏 领 主 （国 王 与 部 分 特 殊 NPC除 外 ）也 有 概 率 感 染 。也 可 以 俘 虏 士 兵 ，然 后 在 营 地 里 手 动 感 染 （同 样 有 概 率 ）。^^原 骑 砍 16npc会 作 为 各 国 领 主 登 场 ，玩 家 将 其 感 染 即 可 收 其 入 队 。^^暴 君 来 源 ：开 局 有 两 个 暴 君 ，母 体 每 升 10级 获 得 一 个 T病 毒 子 代 幼 体 ，与 非 暴 君 NPC对 话 可 将 病 毒 植 入 ，将 其 转 化 为 暴 君 ，转 化 暴 君 后 智 力 清 0，平 均 分 配 到 力 量 与 敏 捷 上 ，同 时 扣 除 原 智 力 数 值 的 技 能 点 技 能 点 不 够 则 技 能 点 数 变 为 负 数 ，但 不 影 响 游 戏 。^^你 与 人 类 语 言 不 通 ，所 以 无 法 与 人 类 互 动 ，在 没 有 城 之 前 无 法 买 卖 物 品 。^^无 头 系 列 ：高 级 亡 灵 兵 被 爆 头 有 概 率 变 成 无 头 系 兵 种 ，升 到 顶 是 亡 灵 的 精 英 士 兵 。^^除 了 无 头 系 列 兵 种 ，亡 灵 兵 的 纯 战 斗 力 都 比 同 级 人 类 兵 弱 小 ，但 他 们 受 到 母 体 提 供 的 加 成 ，母 体 等 级 越 高 加 成 越 强 。^^【提 示 】^^完 成 不 死 族 首 领 龙 玉 的 任 务 可 以 接 手 不 死 族 ^^士 气 每 隔 一段 时 间 重 置 为 90，亡 灵 没 有 工 资 ，但 升 级 需 要 钱 。^^你 是 全 人 类 的 敌 人 ，积 极 地 烧 村 ，抢 劫 平 民 和 商 队 吧 ！^^商 队 有 小 概 率 爆 营 养 品 和 可 读 书 籍 ，是 亡 灵 书 籍 地 唯 一 来 源 。
ip_introduction13|鸣 谢
ip_introduction13_text|要 感 谢 的 人 比 较 多 ： 资 料 区 所 有 留 有 教 程 的 人 ！  包 括 并 特 别 感 谢   rubik  蛋 清      眼 镜 戴 太 久 了 (llqs)   sheng1021z，可 以 说 没 有 他 们 提 供 的 帮 助 ，我 完 全 学 不 会 使 用 PY来 做 这 个 MOD。 同 时 也 要 感 谢 广 大 玩 过 我 的 MOD并 提 供 支 持 和 测 试 反 馈 的 砍 友 ，没 有 你 们 的 持 续 支 持 ，我 的 热 情 不 会 燃 烧 到 今 天 依 然 不 灭 。^^^^【模 型 方 面】^^感 谢 Dream--/tp提 供 的 ：屏 蔽 类 装 备 、银 蛇 剑 、仁 慈 之 翼 、民 族 少 女 ^^感 谢 S男 的 装 备 铺 的 starangelist提 供 的   甘 道 夫 全 套 和 黑 暗 套 、黑 暗 马 、亡 灵 贼 、花 妖 、天 使 。；^^感 谢 zendenxx提 供 的 狙 击 剑 ，和 精 美 的 界 面 贴 图 ，以 及 指 导 我 做 一 些 简 单 的 模 型 编 辑 ；^^感 谢 zy900610提 供 的 龙 骑 兵 矛 和 盾 ^^感 谢 ybsj1314提 供 的 天 策 成 女 秦 风 套   画 戟 ，^^感 谢 孤 独 的 狼 提 供 的 七 颗 漂 亮 的 宝 石 ^^感 谢 团 战 资 源 包 的 收 集 整 合 者 ，使 用 了 其 中 的 驴   野 猪   火 枪   精 灵 弓    白 法 师 穿 的 白 色 盔 甲  ，（在 模 型 开 源 区 找 到 ，但 我 不 知 道 具 体 应 该 感 谢 的 是 谁 ，有 人 知 道 请 提 醒 我 ！）^^感 谢 corprus提 供 女 士 皮 肤 美 化 包 、女 士 全 身 板 甲 续 ^^感 谢 ybsj1314提 供 的 女 士 皮 肤 头 模 包 （2）^^感 谢 蛋 碎 一 地 提 供 的 变 化 多 样 ，十 分 经 典 的 竞 技 场 ，城 堡 、酒 馆 等 模 型 ^^感 谢 sddkle提 供 的 任 意 搭 配 互 换 女 装 装 备 包 ，虽 然 现 在 没 用 ，但 计 划 是 会 用 到 ！^^^^【代 码 方 面 】^^特 别 致 谢 rubik提 供 的 各 种 精 彩 详 细 教 程 ，以 及 他 提 供 的 小 地 图 、10倍 于 敌 人 战 斗 力 时 0战 损 、AI部 队 兵 种 自 动 按 等 级 排 序 、显 示 领 主 性 格 、修 复 战 前 受 伤 的 人 不 能 成 为 俘 虏 的 BUG、特 色 战 利 品 获 取 、让 AI随 机 点 大 部 分 都 加 在 敏 捷 力 量 上 面 、领 主 和 城 镇 换 兵 代 码 、书 架 系 统  、自 动 生 成 兵 种 树 。^^同 时 兵 种 树 也 要 特 别 感 谢  llqs 帮 助 我 集 成 修 改 完 善 ，不 然 我 还 增 加 不 到 我 MOD里 面 去 。并 且  llqs 提 供 了 一 张 基 于 原 版 地 图 制 作 的 加 强 地 图 。^^感 谢 ZS提 供 的 杀 敌 统 计 ^^感 谢 llqs创 建 的 骑 砍 小 黑 屋 （Q群 ），以 及 里 面 各 位 大 大 前 辈 们 细 心 的 指 导 和 帮 助 。
ip_introduction14|其 它 
ip_introduction14_text|制 作 ：三 啸 ^^有 意 向 参 加 制 作 的 可 以 Q群 或 中 文 站 联 系 。^^视 频 ：（B站 /优 酷 ） 解 说 三 啸 ^^Q群 ：422577318     欢 迎 加 入 群 聊 ，讨 论 MOD，提 交 bug，合 理 提 议^^汽 油 (雾 ） 的 支 持 就 是 MOD做 下 去 的 动 力 ！
ip_introduction15|玩 家 留 名 
ip_introduction15_text|曾 琴 琴 ：作 者 内 助 。^^蒋 新 新 ：一 名 设 计 师 ，在 现 实 工 作 上 多 次 帮 助 解 决 难 题 。 ^^颜 君 ： 在 朱 红 雏 形 阶 段 就 加 入 朱 红 ，活 跃 在 群 里 一 直 默 默 支 持 鼓 励 作 者 不 断 成 长 。^^辣 条 ： 赞 助 朱 红 较 多 金 额 。 ^^艾 尔 莎  ( 萨 兰 德 ）：赞 助 较 多 ， 并 留 名 。^^【 邪 教 圣 女 】 洛 晨 柔 ： 为 朱 红 的 剧 情 做 出 贡 献 ，解 答 萌 新 提 出 的 各 种 问 题 ，兵 独 创 朱 红 步 战 玩 法 。^^倪 羽 枫 ：红 袍 格 斗 家 大 赛 冠 军 奖 励 。^^除 此 之 外 ，还 有 很 多 很 多 的 玩 家 和 大 佬 都 给 与 过 朱 红 无 限 多 的 帮 助 ，只 是 他 们 没 有 留 名 ，或 者 不 需 要 留 名 。 ^^如 果 你 也 想 在 朱 红 中 留 下 一 个 NPC ，你 可 以 让 大 家 看 见 你 的 贡 献 ， 并 留 下 名 字 和 你 的 想 法 。 ^^特 别 申 明 ：赞 助 和 其 他 贡 献 ，都 遵 循 大 家 自 愿 原 则 ，但 不 代 表 赞 助 了 朱 红 就 必 须 得 满 足 你 的 要 求 ，朱 红 只 在 主 体 背 景 不 冲 突 的 情 况 下 ，尽 量 给 大 家 添 枝 加 叶 。
 